Overhang,fidelity probability
TTAA,0.961130742
AAAA,0.946360153
TAAA,0.928759894
ATAA,0.925087108
TCAA,0.920255183
TTTA,0.919060052
ACAA,0.905861456
TAGA,0.893687708
AAGA,0.891472868
TTCA,0.881355932
GAAA,0.876386688
CAAA,0.872600349
AATA,0.871929825
TCTA,0.867741935
TATA,0.865424431
TCCA,0.852103121
AGAA,0.848082596
CTAA,0.844911147
TGAA,0.843657817
TACA,0.835962145
TTTT,0.835871404
TTAT,0.833594976
TTGA,0.831412104
TTTC,0.829085457
TCGA,0.827906977
TAAG,0.8272
TTAG,0.818466354
CAGA,0.815864023
CCAA,0.813829787
GTAA,0.806078148
TTCC,0.804878049
TTAC,0.80259366
TGTA,0.794602699
TCAT,0.794007491
GAGA,0.793572311
TAAT,0.791304348
AATT,0.789473684
ACTA,0.787650602
ATAT,0.781997187
ATGA,0.778457772
TCTC,0.774427021
CGAA,0.773480663
AACA,0.770689655
ATTA,0.768581081
TCTT,0.766666667
TGGA,0.762135922
AAGT,0.762019231
TATT,0.758778626
AAAT,0.75867052
ACGA,0.756926952
CATA,0.756097561
TTCT,0.755584757
ATTT,0.7489301
TAGT,0.740793201
TTTG,0.740740741
TCAG,0.738675958
TCCC,0.735433071
TTGT,0.730659026
TATC,0.729226361
ACTT,0.72706422
AGTA,0.725403818
CAAT,0.7232
AGGA,0.722158439
GGAA,0.722100656
TAAC,0.719745223
CTTG,0.715753425
TCAC,0.715210356
AAAG,0.714285714
CTAG,0.710365854
TCGT,0.708726415
TCCT,0.708333333
ACCA,0.707355243
TACT,0.705714286
AATC,0.704747774
ATCA,0.701133144
CTTA,0.697705803
ATAG,0.697222222
GCAA,0.695845697
ACAT,0.687335092
ATTC,0.685111989
CTAT,0.684856753
GATA,0.678666667
TTGC,0.677745665
ATAC,0.676595745
TACC,0.675257732
TAGC,0.674641148
CTGA,0.669473684
TTCG,0.669056153
TCCG,0.665577342
CCGA,0.664753157
TCGC,0.663817664
ATGT,0.663694268
AGTT,0.662251656
CTTT,0.657534247
CCTA,0.653146853
TCTG,0.652321631
AAGC,0.652234637
AACT,0.651890482
ATCT,0.650205761
TGAT,0.647058824
CTCG,0.643617021
CTTC,0.643147897
AATG,0.641633729
GAGT,0.641318124
CCCA,0.640625
CCAT,0.640122511
GAAT,0.639606396
TGAG,0.637806638
TGTT,0.634943182
TTGG,0.633977901
TGGT,0.633053221
CATT,0.632467532
AAGG,0.631768953
AAAC,0.62962963
TGAC,0.628729282
TATG,0.627530364
CGTA,0.626180837
GTAT,0.625984252
TGCA,0.623413258
CAGT,0.62125
GTTA,0.620879121
TAGG,0.616094987
CTCA,0.615598886
ACCT,0.614583333
ATTG,0.614130435
CGGA,0.607960199
GAAG,0.606138107
ACTC,0.605988024
AGAT,0.605363985
GAAC,0.603365385
GGGA,0.603359173
TACG,0.601815824
TCGG,0.600622407
ATCC,0.598540146
ACAG,0.597560976
CTAC,0.597069597
ACGT,0.595545135
CAAG,0.595441595
CCTT,0.590551181
CCAG,0.589953271
AGCA,0.587731812
GATT,0.584255843
GCTT,0.583021223
ACCC,0.582300885
GACA,0.582154516
AGAC,0.578817734
CTCT,0.577912254
ACTG,0.577906977
GTGA,0.577777778
TGTC,0.575888052
CACA,0.573529412
GCGA,0.573185732
AGGT,0.572121212
TGCT,0.570637119
ATCG,0.569866343
CCCT,0.567322239
CCTG,0.565168539
AGTC,0.564516129
AACC,0.561781609
GCTA,0.561752988
CATG,0.553956835
CGAT,0.553066038
ATGC,0.550881954
CTGG,0.550108932
CTGT,0.549327354
ACAC,0.549319728
GAGG,0.548387097
CGTT,0.546454768
CCCG,0.546321526
AACG,0.54050786
CCTC,0.540055249
GTCA,0.538315989
CCGT,0.536697248
GCAT,0.536327609
TGGC,0.535423926
GCCA,0.534183082
TGCC,0.533180778
GTAC,0.53221957
AGAG,0.532033426
CATC,0.529323308
GGTA,0.528936743
CAAC,0.527619048
GTTC,0.525104603
ACCG,0.525029104
TGGG,0.524893314
ACGC,0.524017467
GTTT,0.522727273
ATGG,0.52184769
ACGG,0.52173913
GGTT,0.515831135
GGAT,0.51572327
GATC,0.510638298
GTCC,0.506996771
GTAG,0.502311248
AGGG,0.502008032
GAGC,0.501997337
CCGG,0.501858736
CAGG,0.49851338
GACT,0.498474059
CTCC,0.496865204
CACT,0.493313522
AGTG,0.492581602
GGGT,0.49251497
TGTG,0.491338583
CCAC,0.488047809
GGCA,0.486430063
GCCT,0.485849057
CGTG,0.484636872
AGGC,0.48413631
GCTC,0.483953787
CGCA,0.482371795
CGGT,0.482352941
GTCT,0.480572597
CTGC,0.476060192
GCGT,0.471821756
GGAC,0.471471471
GCAG,0.467741935
AGCT,0.467455621
GACC,0.467404674
GCCC,0.464949928
GATG,0.463157895
GTGT,0.46011396
GGAG,0.454806313
TGCG,0.450598802
AGCC,0.445876289
CCCC,0.437007874
CGAG,0.43577431
GCAC,0.435658915
GCTG,0.433382138
CGAC,0.432778489
CGGG,0.431182796
CAGC,0.429608128
GGTC,0.429378531
GTTG,0.422256098
CACG,0.422141119
AGCG,0.415915916
CCGC,0.41426146
GTGG,0.411764706
GGGC,0.410872314
GGGG,0.408839779
CGTC,0.407894737
GCCG,0.403100775
GACG,0.403073286
GGCT,0.401858304
GCGC,0.396039604
GGCC,0.387413963
GTCG,0.386727689
GTGC,0.377181208
GGTG,0.369602763
CACC,0.358458961
CGCT,0.356499356
GCGG,0.350574713
CGGC,0.346666667
GGCG,0.334415584
CGCG,0.308605341
CGCC,0.275033378