Overhang,fidelity probability,,,,
TTAA,0,0.967741935,,,
AAAA,0.956325301,,,,
TAAA,0.942558747,,,,
AAGA,0.928484848,,,,
TCAA,0.917602996,,,,
TAGA,0.917043741,,,,
TTTA,0.916243655,,,,
ACAA,0.914122137,,,,
TTCA,0.9,,,,
CAAA,0.898148148,,,,
ATAA,0.895604396,,,,
TCTA,0.888888889,,,,
TCCA,0.887207703,,,,
TATA,0,0.886310905,,,
AGAA,0.877934272,,,,
GAAA,0.875152999,,,,
AATA,0.86875,,,,
TACA,0.865353038,,,,
TTAT,0.857894737,,,,
CTAA,0.853535354,,,,
TTAC,0.847765363,,,,
TTTT,0.844414894,,,,
TAAT,0.842185129,,,,
ACTA,0.839095745,,,,
TGAA,0.834621329,,,,
TTTC,0.828505214,,,,
TCAT,0.827710843,,,,
TAAG,0.826219512,,,,
CCAA,0.825,,,,
TCGA,0,0.823255814,,,
AATT,0,0.819565217,,,
TTGA,0.819397993,,,,
CAGA,0.817721519,,,,
TTCC,0.816837315,,,,
TCTT,0.81402763,,,,
ATTA,0.813782991,,,,
ATAT,0,0.81377551,,,
TTAG,0.8112,,,,
AACA,0.805555556,,,,
GTAA,0.805039788,,,,
TAGT,0.804846939,,,,
TTCT,0.800856531,,,,
TCAG,0.798206278,,,,
GAGA,0.796817625,,,,
TCTC,0.795843521,,,,
GGAA,0.792494481,,,,
ATGA,0.789655172,,,,
AAAT,0.787730061,,,,
CAAT,0.786144578,,,,
CGAA,0.783492823,,,,
TATT,0.783098592,,,,
TATC,0.782163743,,,,
TGTA,0.78189911,,,,
AGGA,0.77887463,,,,
TCCT,0.775049116,,,,
ACCA,0.772277228,,,,
TCAC,0.770034843,,,,
ATTT,0.76702509,,,,
TAAC,0.758785942,,,,
ACTT,0.757918552,,,,
TCCC,0.757575758,,,,
ATCA,0.757534247,,,,
ACGA,0.757158006,,,,
AAGT,0.756207675,,,,
TCGT,0.755555556,,,,
AGTA,0.752147239,,,,
TGGA,0.748259861,,,,
AAAG,0.744069913,,,,
TTGC,0.742296919,,,,
GAAT,0.742006615,,,,
GCAA,0.740223464,,,,
ATAG,0.73907455,,,,
TTGT,0.738058552,,,,
CATA,0.737804878,,,,
TACT,0.735894358,,,,
CTAT,0.734355045,,,,
CTTG,0.734087694,,,,
ATTC,0.732317737,,,,
TAGC,0.729805014,,,,
TTTG,0.729323308,,,,
TACC,0.729230769,,,,
TCCG,0.725242718,,,,
CTGA,0.725050916,,,,
ACAT,0.724056604,,,,
ATCT,0.723214286,,,,
GATA,0.722972973,,,,
AATC,0.72238806,,,,
ATAC,0.720399429,,,,
ATGT,0.718969555,,,,
CTAG,0,0.716826265,,,
CCGA,0.712837838,,,,
CATT,0.70781427,,,,
CCTT,0.705426357,,,,
TTCG,0.704301075,,,,
CTTA,0.703896104,,,,
AGAT,0.702819957,,,,
CCTA,0.70212766,,,,
CCAT,0.70027248,,,,
CCCA,0.700182815,,,,
CAGT,0.699177438,,,,
TCTG,0.694623656,,,,
CTCG,0.690690691,,,,
TGAG,0.689404935,,,,
TATG,0.688477952,,,,
TAGG,0.688396349,,,,
AATG,0.685307018,,,,
CTTT,0.682703322,,,,
TGAT,0.681034483,,,,
AAAC,0.680972818,,,,
TCGC,0.679131484,,,,
AACT,0.678132678,,,,
CTTC,0.677108434,,,,
ATCC,0.675675676,,,,
AGAG,0.675,,,,
AAGG,0.674074074,,,,
TGTT,0.672578445,,,,
CGGA,0.67176259,,,,
TGCA,0,0.669230769,,,
CTCA,0.668073136,,,,
GGGA,0.667475728,,,,
GAAG,0.666666667,,,,
ACTC,0.660181582,,,,
ACCT,0.659730722,,,,
GTAT,0.65926893,,,,
CAAG,0.657794677,,,,
TGTC,0.657334826,,,,
AGTT,0.657142857,,,,
CTCT,0.657010429,,,,
CTAC,0.65391015,,,,
AGGT,0.653333333,,,,
GTTA,0.648021828,,,,
TACG,0.647509579,,,,
CTGT,0.644565217,,,,
ACGT,0,0.640969163,,,
GGTA,0.638814016,,,,
CGTA,0.638539043,,,,
ATGC,0.637209302,,,,
GAGT,0.63625,,,,
GAAC,0.636152955,,,,
GGAT,0.633259912,,,,
AACC,0.632307692,,,,
AAGC,0.630350195,,,,
TCGG,0.629224652,,,,
CACA,0.62835249,,,,
ATTG,0.624401914,,,,
CGAT,0.624315444,,,,
TGGT,0.624,,,,
GCTA,0.623067776,,,,
CCCT,0.623044097,,,,
CGTT,0.620611552,,,,
GCGA,0.619361936,,,,
TGAC,0.618421053,,,,
CCAG,0.61734104,,,,
ACAG,0.617065557,,,,
TTGG,0.614906832,,,,
GTTT,0.612612613,,,,
CCTG,0.611973392,,,,
CCGT,0.610328638,,,,
GACA,0.603909465,,,,
ACTG,0.601617796,,,,
GCAT,0.601536773,,,,
GATT,0.601242236,,,,
CTGG,0.599326599,,,,
ATGG,0.598370198,,,,
GATC,0,0.598058252,,,
AGTC,0.597633136,,,,
AGCA,0.596813725,,,,
GTAC,0,0.596449704,,,
ACCC,0.596358118,,,,
TGCT,0.592457421,,,,
CATG,0,0.589473684,,,
AACG,0.589247312,,,,
GAGG,0.587412587,,,,
CCTC,0.583333333,,,,
CATC,0.58259587,,,,
CGGT,0.580824972,,,,
GCTT,0.580645161,,,,
GTTC,0.580338266,,,,
GTGA,0.577777778,,,,
GTCA,0.576098059,,,,
AGGC,0.575901328,,,,
ATCG,0.570570571,,,,
GTAG,0.570391872,,,,
CCAC,0.568273092,,,,
TGGG,0.567407407,,,,
CAAC,0.566666667,,,,
GACT,0.563197026,,,,
GGTT,0.562243502,,,,
TGCC,0.559955996,,,,
CTCC,0.559322034,,,,
GTCC,0.557752341,,,,
GAGC,0.556592765,,,,
CACT,0.556509299,,,,
ACAC,0.555555556,,,,
AGGG,0.55513308,,,,
GCCT,0.554844607,,,,
AGAC,0.553691275,,,,
CAGG,0.54816286,,,,
TGGC,0.546460177,,,,
CCCC,0.546,,,,
CCCG,0.545968883,,,,
GTCT,0.545755237,,,,
GGAG,0.540983607,,,,
GCCA,0.537540805,,,,
CTGC,0.535924617,,,,
GGGT,0.535422343,,,,
TGTG,0.530744337,,,,
GACC,0.529162248,,,,
AGCT,0,0.527777778,,,
ACCG,0.526794742,,,,
CCGG,0,0.522829006,,,
GTGT,0.522496372,,,,
GCAG,0.52238806,,,,
AGTG,0.518666667,,,,
GGAC,0.515384615,,,,
CGAG,0.509413068,,,,
GATG,0.509020619,,,,
TGCG,0.504273504,,,,
GCTC,0.503695882,,,,
CGTG,0.503586801,,,,
CAGC,0.503576538,,,,
GGCA,0.500491642,,,,
GGTC,0.495039683,,,,
ACGG,0.490103676,,,,
GCCC,0.489017341,,,,
GGGC,0.488452656,,,,
CGCA,0.486263736,,,,
CGTC,0.484913793,,,,
AGCG,0.483476132,,,,
GTGC,0.481987578,,,,
GCAC,0.477244772,,,,
GGGG,0.476439791,,,,
GACG,0.476190476,,,,
CGGG,0.474784748,,,,
GGCT,0.470245041,,,,
AGCC,0.455882353,,,,
CACC,0.451612903,,,,
GCCG,0.448345035,,,,
GCGT,0.447263017,,,,
CGCT,0.441834452,,,,
GCGC,0,0.440046566,,,
GCTG,0.438902743,,,,
GTGG,0.43875969,,,,
ACGC,0.437336815,,,,
CGGC,0.434824903,,,,
CGAC,0.432801822,,,,
GTTG,0.430379747,,,,
GTCG,0.429864253,,,,
CACG,0.420359281,,,,
CGCG,0,0.412291933,,,
CCGC,0.411490683,,,,
GGTG,0.401273885,,,,
GCGG,0.382947977,,,,
GGCC,0,0.382178218,,,
GGCG,0.376344086,,,,
CGCC,0.341463415,,,,
